[{"model": "auth.permission", "pk": 1, "fields": {"name": "Can add log entry", "content_type": 1, "codename": "add_logentry"}}, {"model": "auth.permission", "pk": 2, "fields": {"name": "Can change log entry", "content_type": 1, "codename": "change_logentry"}}, {"model": "auth.permission", "pk": 3, "fields": {"name": "Can delete log entry", "content_type": 1, "codename": "delete_logentry"}}, {"model": "auth.permission", "pk": 4, "fields": {"name": "Can view log entry", "content_type": 1, "codename": "view_logentry"}}, {"model": "auth.permission", "pk": 5, "fields": {"name": "Can add permission", "content_type": 2, "codename": "add_permission"}}, {"model": "auth.permission", "pk": 6, "fields": {"name": "Can change permission", "content_type": 2, "codename": "change_permission"}}, {"model": "auth.permission", "pk": 7, "fields": {"name": "Can delete permission", "content_type": 2, "codename": "delete_permission"}}, {"model": "auth.permission", "pk": 8, "fields": {"name": "Can view permission", "content_type": 2, "codename": "view_permission"}}, {"model": "auth.permission", "pk": 9, "fields": {"name": "Can add group", "content_type": 3, "codename": "add_group"}}, {"model": "auth.permission", "pk": 10, "fields": {"name": "Can change group", "content_type": 3, "codename": "change_group"}}, {"model": "auth.permission", "pk": 11, "fields": {"name": "Can delete group", "content_type": 3, "codename": "delete_group"}}, {"model": "auth.permission", "pk": 12, "fields": {"name": "Can view group", "content_type": 3, "codename": "view_group"}}, {"model": "auth.permission", "pk": 13, "fields": {"name": "Can add content type", "content_type": 4, "codename": "add_contenttype"}}, {"model": "auth.permission", "pk": 14, "fields": {"name": "Can change content type", "content_type": 4, "codename": "change_contenttype"}}, {"model": "auth.permission", "pk": 15, "fields": {"name": "Can delete content type", "content_type": 4, "codename": "delete_contenttype"}}, {"model": "auth.permission", "pk": 16, "fields": {"name": "Can view content type", "content_type": 4, "codename": "view_contenttype"}}, {"model": "auth.permission", "pk": 17, "fields": {"name": "Can add session", "content_type": 5, "codename": "add_session"}}, {"model": "auth.permission", "pk": 18, "fields": {"name": "Can change session", "content_type": 5, "codename": "change_session"}}, {"model": "auth.permission", "pk": 19, "fields": {"name": "Can delete session", "content_type": 5, "codename": "delete_session"}}, {"model": "auth.permission", "pk": 20, "fields": {"name": "Can view session", "content_type": 5, "codename": "view_session"}}, {"model": "auth.permission", "pk": 21, "fields": {"name": "Can add association", "content_type": 6, "codename": "add_association"}}, {"model": "auth.permission", "pk": 22, "fields": {"name": "Can change association", "content_type": 6, "codename": "change_association"}}, {"model": "auth.permission", "pk": 23, "fields": {"name": "Can delete association", "content_type": 6, "codename": "delete_association"}}, {"model": "auth.permission", "pk": 24, "fields": {"name": "Can view association", "content_type": 6, "codename": "view_association"}}, {"model": "auth.permission", "pk": 25, "fields": {"name": "Can add code", "content_type": 7, "codename": "add_code"}}, {"model": "auth.permission", "pk": 26, "fields": {"name": "Can change code", "content_type": 7, "codename": "change_code"}}, {"model": "auth.permission", "pk": 27, "fields": {"name": "Can delete code", "content_type": 7, "codename": "delete_code"}}, {"model": "auth.permission", "pk": 28, "fields": {"name": "Can view code", "content_type": 7, "codename": "view_code"}}, {"model": "auth.permission", "pk": 29, "fields": {"name": "Can add nonce", "content_type": 8, "codename": "add_nonce"}}, {"model": "auth.permission", "pk": 30, "fields": {"name": "Can change nonce", "content_type": 8, "codename": "change_nonce"}}, {"model": "auth.permission", "pk": 31, "fields": {"name": "Can delete nonce", "content_type": 8, "codename": "delete_nonce"}}, {"model": "auth.permission", "pk": 32, "fields": {"name": "Can view nonce", "content_type": 8, "codename": "view_nonce"}}, {"model": "auth.permission", "pk": 33, "fields": {"name": "Can add user social auth", "content_type": 9, "codename": "add_usersocialauth"}}, {"model": "auth.permission", "pk": 34, "fields": {"name": "Can change user social auth", "content_type": 9, "codename": "change_usersocialauth"}}, {"model": "auth.permission", "pk": 35, "fields": {"name": "Can delete user social auth", "content_type": 9, "codename": "delete_usersocialauth"}}, {"model": "auth.permission", "pk": 36, "fields": {"name": "Can view user social auth", "content_type": 9, "codename": "view_usersocialauth"}}, {"model": "auth.permission", "pk": 37, "fields": {"name": "Can add partial", "content_type": 10, "codename": "add_partial"}}, {"model": "auth.permission", "pk": 38, "fields": {"name": "Can change partial", "content_type": 10, "codename": "change_partial"}}, {"model": "auth.permission", "pk": 39, "fields": {"name": "Can delete partial", "content_type": 10, "codename": "delete_partial"}}, {"model": "auth.permission", "pk": 40, "fields": {"name": "Can view partial", "content_type": 10, "codename": "view_partial"}}, {"model": "auth.permission", "pk": 41, "fields": {"name": "Can add product category", "content_type": 11, "codename": "add_productcategory"}}, {"model": "auth.permission", "pk": 42, "fields": {"name": "Can change product category", "content_type": 11, "codename": "change_productcategory"}}, {"model": "auth.permission", "pk": 43, "fields": {"name": "Can delete product category", "content_type": 11, "codename": "delete_productcategory"}}, {"model": "auth.permission", "pk": 44, "fields": {"name": "Can view product category", "content_type": 11, "codename": "view_productcategory"}}, {"model": "auth.permission", "pk": 45, "fields": {"name": "Can add product", "content_type": 12, "codename": "add_product"}}, {"model": "auth.permission", "pk": 46, "fields": {"name": "Can change product", "content_type": 12, "codename": "change_product"}}, {"model": "auth.permission", "pk": 47, "fields": {"name": "Can delete product", "content_type": 12, "codename": "delete_product"}}, {"model": "auth.permission", "pk": 48, "fields": {"name": "Can view product", "content_type": 12, "codename": "view_product"}}, {"model": "auth.permission", "pk": 49, "fields": {"name": "Can add user", "content_type": 13, "codename": "add_shopuser"}}, {"model": "auth.permission", "pk": 50, "fields": {"name": "Can change user", "content_type": 13, "codename": "change_shopuser"}}, {"model": "auth.permission", "pk": 51, "fields": {"name": "Can delete user", "content_type": 13, "codename": "delete_shopuser"}}, {"model": "auth.permission", "pk": 52, "fields": {"name": "Can view user", "content_type": 13, "codename": "view_shopuser"}}, {"model": "auth.permission", "pk": 53, "fields": {"name": "Can add shop user profile", "content_type": 14, "codename": "add_shopuserprofile"}}, {"model": "auth.permission", "pk": 54, "fields": {"name": "Can change shop user profile", "content_type": 14, "codename": "change_shopuserprofile"}}, {"model": "auth.permission", "pk": 55, "fields": {"name": "Can delete shop user profile", "content_type": 14, "codename": "delete_shopuserprofile"}}, {"model": "auth.permission", "pk": 56, "fields": {"name": "Can view shop user profile", "content_type": 14, "codename": "view_shopuserprofile"}}, {"model": "auth.permission", "pk": 57, "fields": {"name": "Can add shop user profile for test", "content_type": 15, "codename": "add_shopuserprofilefortest"}}, {"model": "auth.permission", "pk": 58, "fields": {"name": "Can change shop user profile for test", "content_type": 15, "codename": "change_shopuserprofilefortest"}}, {"model": "auth.permission", "pk": 59, "fields": {"name": "Can delete shop user profile for test", "content_type": 15, "codename": "delete_shopuserprofilefortest"}}, {"model": "auth.permission", "pk": 60, "fields": {"name": "Can view shop user profile for test", "content_type": 15, "codename": "view_shopuserprofilefortest"}}, {"model": "auth.permission", "pk": 61, "fields": {"name": "Can add basket", "content_type": 16, "codename": "add_basket"}}, {"model": "auth.permission", "pk": 62, "fields": {"name": "Can change basket", "content_type": 16, "codename": "change_basket"}}, {"model": "auth.permission", "pk": 63, "fields": {"name": "Can delete basket", "content_type": 16, "codename": "delete_basket"}}, {"model": "auth.permission", "pk": 64, "fields": {"name": "Can view basket", "content_type": 16, "codename": "view_basket"}}, {"model": "auth.permission", "pk": 65, "fields": {"name": "Can add заказ", "content_type": 17, "codename": "add_order"}}, {"model": "auth.permission", "pk": 66, "fields": {"name": "Can change заказ", "content_type": 17, "codename": "change_order"}}, {"model": "auth.permission", "pk": 67, "fields": {"name": "Can delete заказ", "content_type": 17, "codename": "delete_order"}}, {"model": "auth.permission", "pk": 68, "fields": {"name": "Can view заказ", "content_type": 17, "codename": "view_order"}}, {"model": "auth.permission", "pk": 69, "fields": {"name": "Can add order item", "content_type": 18, "codename": "add_orderitem"}}, {"model": "auth.permission", "pk": 70, "fields": {"name": "Can change order item", "content_type": 18, "codename": "change_orderitem"}}, {"model": "auth.permission", "pk": 71, "fields": {"name": "Can delete order item", "content_type": 18, "codename": "delete_orderitem"}}, {"model": "auth.permission", "pk": 72, "fields": {"name": "Can view order item", "content_type": 18, "codename": "view_orderitem"}}, {"model": "sessions.session", "pk": "3i8vej0brkax1ra86ktfs3y843i7tf0m", "fields": {"session_data": ".eJxVjDsOwjAQBe_iGllZ418o6TmDtfaucQDZUpxUiLuTSCmgnZn33iLgupSwdp7DROIiQJx-WcT05LoLemC9N5laXeYpyj2Rh-3y1ohf16P9OyjYy7Y-Iw0KR8ico03KAnoGy6ijN2rYCI9OIxuPiQgikM-KLGfUzjiTvfh8AQIoOMI:1nAqtX:ZeZKsb28Xs_Z-ZpVQWelBbfZ1hOKfRImhfLpLpWQMGw", "expire_date": "2022-02-04T10:11:47.678Z"}}, {"model": "sessions.session", "pk": "3imoccdwyconq1ih9wwdsqscfj1d22kq", "fields": {"session_data": "eyJuZXh0IjoiLyIsInZrLW9hdXRoMl9zdGF0ZSI6IjhjZDJVOEc4OWpVZGllQmZYNVpZWGVFMEhFbENlYnhVIn0:1n9lGi:6BySPwU3r_aLPEtycXjOhI8eRGX6-W8Mr3AsstkIOfE", "expire_date": "2022-02-01T09:59:12.975Z"}}, {"model": "sessions.session", "pk": "7byw72vd5uf1fg3s8ethuhprwrj5oxd4", "fields": {"session_data": ".eJxVjEsOAiEQBe_C2pBG_i7dewbSQCOjBpJhZmW8uyGZhW5fVb03C7hvNeyD1rBkdmGSnX63iOlJbYL8wHbvPPW2rUvkU-EHHfzWM72uh_t3UHHUWQNJZbS3XhQd7RnIOu1QkhFGgVfRSZFKRu-dIUzOGpsxAmABKskS-3wByFI36w:1n9TpH:Tfgreu948CLpn0wj66wxWgXTqTl9tIYvS6rL7d7tZhQ", "expire_date": "2022-01-31T15:21:43.785Z"}}, {"model": "sessions.session", "pk": "9cgbn1qloziedqlknspbycfwugiiyxgv", "fields": {"session_data": ".eJxVj8tOwzAQRf_F65LGj8Rpd-0KtVWTBULAxhrb4zokSqTYjRCIf8dBFaLbc3XunfkiA35EsiVrsiJz9zDCNXqmQoSIiR7k0766UB6b0EB3ql9t9f44sfzcvHj99kmTpBZDXQNOqrVJoeIeajAdDksSRtNCr8w4YXajIZu77PlY75bVe89D8EnSG4fOcG40czk3IKUsRQlSVII5cNQ6BoU2kmMOTlaioIXVDF3JcGMl6lR62_2t7iFE1Y-Xdvh32N_f5PsHjghZ6A:1n9mTS:LLHCv-V-DqBmpV7VRfm-7R20yp2TfIOcRG0h2h-_Arw", "expire_date": "2022-02-01T11:16:26.620Z"}}, {"model": "sessions.session", "pk": "i61x1tna1a9qegb5zpj0g15c687cnq9l", "fields": {"session_data": ".eJxVjDsOwjAQBe_iGllZ418o6TmDtfaucQDZUpxUiLuTSCmgnZn33iLgupSwdp7DROIiQJx-WcT05LoLemC9N5laXeYpyj2Rh-3y1ohf16P9OyjYy7Y-Iw0KR8ico03KAnoGy6ijN2rYCI9OIxuPiQgikM-KLGfUzjiTvfh8AQIoOMI:1nAtbp:Yu1TwdMgc8F1JC_D-u19LN9ELAgnOfq1eH2BNC9zDUI", "expire_date": "2022-02-04T13:05:41.883Z"}}, {"model": "sessions.session", "pk": "ml9k72r65p2x4rfrqxyo6nyfecimb3cy", "fields": {"session_data": ".eJxVjDsOwjAQBe_iGllZ418o6TmDtfaucQDZUpxUiLuTSCmgnZn33iLgupSwdp7DROIiQJx-WcT05LoLemC9N5laXeYpyj2Rh-3y1ohf16P9OyjYy7Y-Iw0KR8ico03KAnoGy6ijN2rYCI9OIxuPiQgikM-KLGfUzjiTvfh8AQIoOMI:1nCNpD:C2sW15vewv30hGqxwlSpPyHvi2cC7qoFiy07XnrcfSo", "expire_date": "2022-02-08T15:33:39.586Z"}}, {"model": "sessions.session", "pk": "odaum0g2afp8rqs1cpb1z9wt9e1a8j6m", "fields": {"session_data": "eyJuZXh0IjoiLyIsInZrLW9hdXRoMl9zdGF0ZSI6IkR2UlNUdmFKb3BuUXpvY1pzNGptM21YQWFMV1VCR0ttIn0:1n9Tdo:3I8SUKHnhcriTl3ESaNr95LqOEb2I2iJAC4uHRqFHQ4", "expire_date": "2022-01-31T15:09:52.829Z"}}, {"model": "sessions.session", "pk": "p352lkv4g43bah5cs3t2b2anvbhlbs11", "fields": {"session_data": "eyJuZXh0IjoiLyIsInZrLW9hdXRoMl9zdGF0ZSI6IldXb096dTZJZDBQRXV1R0F4ZlZscmo4bURibXhIU2hSIn0:1n9lJ9:K7FEK35Oc_EpwlZ8rU-5MSDBYkM-CVzN4A23bJRUAqw", "expire_date": "2022-02-01T10:01:43.021Z"}}, {"model": "sessions.session", "pk": "pa0u8ixcyuv8mmk3z2r9jkxf65h51cky", "fields": {"session_data": ".eJxVjDsOwjAQBe_iGllZ418o6TmDtfaucQDZUpxUiLuTSCmgnZn33iLgupSwdp7DROIiQJx-WcT05LoLemC9N5laXeYpyj2Rh-3y1ohf16P9OyjYy7Y-Iw0KR8ico03KAnoGy6ijN2rYCI9OIxuPiQgikM-KLGfUzjiTvfh8AQIoOMI:1nAdfH:VIEI8LQ7zHHF4QNEVx7qlsPDNTp9fS8KaKshAMw5H1M", "expire_date": "2022-02-03T20:04:11.197Z"}}, {"model": "sessions.session", "pk": "paoq6csv5ld91w7xugaj67lv9soql6vx", "fields": {"session_data": "eyJuZXh0IjoiLyIsInZrLW9hdXRoMl9zdGF0ZSI6IlVyRGRUZGNoSVczcUpQaVlXZ1FVeUhPWE1LUXZGdGVRIn0:1n9lY4:y2Dn54KwqhjUrF0A99-fd0Ph_y60uJZrd7kH65VQN5Y", "expire_date": "2022-02-01T10:17:08.704Z"}}, {"model": "sessions.session", "pk": "x7682q1vusflqkekuto71vkoudltaq5p", "fields": {"session_data": ".eJxVj8EKwjAQRP8lZ60mtk3qTUREPOhJ0EvYJFtbWxpp0lIQ_91URPT6ljcz-yANDp4syYxMSF9NLXS-YNJ58Bhod-k38d5tj1rP-_N90OqcM7a7HdYn4ZXNgiRHQ3YOW1maoCT_TIGusBkPzuoSaqlti9GHuqivotP-sBpL_70CXBEkpYwWhnPBGArOeY6guKaQMuDIeEIzAEBjTMAmE0jTPAURL6iIUyryccyn9x1dg_Oyttey-Rn2fZs8X-sTWhk:1n9k15:b_HYmJ3wRrV_ajbSjnVR3Asr7pUNlm230rl-_viBc5Q", "expire_date": "2022-02-01T08:38:59.648Z"}}, {"model": "social_django.usersocialauth", "pk": 9, "fields": {"user": 14, "provider": "vk-oauth2", "uid": "441772", "extra_data": "{\"auth_time\": 1642504586, \"id\": 441772, \"expires\": 86400, \"access_token\": \"62a6a290374689ab675f3f6273134768ecdd1a88b65daa4c032d253d16269b60a57ab9d648c01d08c0b3c\", \"token_type\": null}", "created": "2022-01-18T11:16:25.987Z", "modified": "2022-01-18T11:16:26.066Z"}}, {"model": "mainapp.productcategory", "pk": 1, "fields": {"name": "стулья", "description": "", "is_active": true}}, {"model": "mainapp.productcategory", "pk": 2, "fields": {"name": "кресла", "description": "", "is_active": true}}, {"model": "mainapp.productcategory", "pk": 3, "fields": {"name": "лампы", "description": "", "is_active": true}}, {"model": "mainapp.product", "pk": 1, "fields": {"category": 1, "name": "Модный стул", "image": "products_images/chair.jpg", "short_dec": "Можно и посидеть", "description": "И стул, а для кого-то еще и стол. Не так прост как кажется.", "price": "2550.00", "quantity": 20, "is_active": true}}, {"model": "mainapp.product", "pk": 2, "fields": {"category": 1, "name": "Кухонный стул", "image": "products_images/Kitchen_chair.jpg", "short_dec": "Стул для кухни", "description": "Обычный стул, не самый плохой вариант, кстати!", "price": "3550.00", "quantity": 20, "is_active": true}}, {"model": "mainapp.product", "pk": 3, "fields": {"category": 2, "name": "Кресл-качалка", "image": "products_images/kreslo_kach.jpg", "short_dec": "Покачайся пока молодой", "description": "И вам и вашей бабушке подойдет", "price": "5000.00", "quantity": 6, "is_active": true}}, {"model": "mainapp.product", "pk": 4, "fields": {"category": 2, "name": "Мамасан", "image": "products_images/mamasan.jpeg", "short_dec": "Как папасан, только больше и мама", "description": "Вы и кто-то еще поместиться, разве вы этого не хотели?", "price": "20000.00", "quantity": 10, "is_active": true}}, {"model": "mainapp.product", "pk": 5, "fields": {"category": 1, "name": "Потрепанный стул", "image": "products_images/old.jpg", "short_dec": "Старый стул", "description": "Обвчный старый стул. Дешево и сердито", "price": "1000.00", "quantity": 12, "is_active": true}}, {"model": "mainapp.product", "pk": 6, "fields": {"category": 2, "name": "Папасан", "image": "products_images/papasan.jpg", "short_dec": "Кресло-гнездо. В представении не нуждается", "description": "Загнездись перед телеком. Ты же так давно этого хотел", "price": "10000.00", "quantity": 10, "is_active": true}}, {"model": "mainapp.product", "pk": 7, "fields": {"category": 3, "name": "Зебра", "image": "products_images/product-11.jpg", "short_dec": "Она как зебра, только лампа", "description": "Можно перепутать с полосатой лошадью, если вовремя не включить", "price": "5000.00", "quantity": 10, "is_active": true}}, {"model": "mainapp.product", "pk": 8, "fields": {"category": 3, "name": "Овал", "image": "products_images/product-1.jpg", "short_dec": "Стильная овальная лампа", "description": "Подойдет к любому интерьеру, особенно если у вас отсутствует вкус", "price": "6000.00", "quantity": 10, "is_active": true}}, {"model": "mainapp.product", "pk": 9, "fields": {"category": 3, "name": "Флойд", "image": "products_images/product-41.jpg", "short_dec": "Бедный афроамериканец", "description": "Полиции не продается. Black live matters!!!", "price": "3000.00", "quantity": 13, "is_active": true}}, {"model": "authapp.shopuser", "pk": 1, "fields": {"password": "pbkdf2_sha256$260000$bg1XFy9GMpUzDOofG65eGA$NYAjWsCIsnNIIc/LxW0Qx7hWNurxDm31UzLDgsya5wM=", "last_login": "2022-01-25T15:33:39.578Z", "is_superuser": true, "username": "admin", "first_name": "", "last_name": "", "email": "admin@site.ru", "is_staff": true, "is_active": true, "date_joined": "2022-01-17T15:06:23.036Z", "avatar": "", "age": 18, "city": "", "activation_key": "", "activation_key_expires": "2022-01-19T15:05:52.325Z", "groups": [], "user_permissions": []}}, {"model": "authapp.shopuser", "pk": 2, "fields": {"password": "pbkdf2_sha256$320000$E688Q0bGDGmDWR7cxFMTlo$7U8UBRVKs+T4vCJxkY5kKaL+1f5KHGp9Es/K4mpQl2w=", "last_login": null, "is_superuser": false, "username": "TestUser1", "first_name": "Name1", "last_name": "", "email": "ss@ss.ru", "is_staff": false, "is_active": true, "date_joined": "2022-01-17T15:12:25.690Z", "avatar": "", "age": 18, "city": "ka", "activation_key": "", "activation_key_expires": "2022-01-19T15:09:39.573Z", "groups": [], "user_permissions": []}}, {"model": "authapp.shopuser", "pk": 3, "fields": {"password": "pbkdf2_sha256$320000$gYtaIWTSeV8N4IJ6xTaZIo$YNZHrZ0xGeKWbU6YLQNvv0veqMUssD4dasIF6aMxxHM=", "last_login": "2022-01-17T15:21:43.664Z", "is_superuser": false, "username": "TestUser2", "first_name": "TestName2", "last_name": "", "email": "q@q.ru", "is_staff": false, "is_active": true, "date_joined": "2022-01-17T15:21:12.315Z", "avatar": "", "age": 18, "city": "Piter", "activation_key": "aa91994bc4d5fc1e0a0c23789316396bc8b9bb4a", "activation_key_expires": "2022-01-19T15:17:15.681Z", "groups": [], "user_permissions": []}}, {"model": "authapp.shopuser", "pk": 4, "fields": {"password": "pbkdf2_sha256$260000$Ixv2D3WP4s0cjwl8OMymiy$0771kjTXo7+MaCCsZ6UyBEh4AUIfCBzi3fHHgFXzLSM=", "last_login": "2022-01-18T07:36:28.145Z", "is_superuser": false, "username": "Roman", "first_name": "Sam", "last_name": "", "email": "s-3m@yandex.ru", "is_staff": false, "is_active": true, "date_joined": "2022-01-18T07:35:20.452Z", "avatar": "", "age": 35, "city": "Moscow", "activation_key": "90bf1c905805bcd90e0dc0f5550af38a46ef71f4", "activation_key_expires": "2022-01-20T07:34:27.053Z", "groups": [], "user_permissions": []}}, {"model": "authapp.shopuser", "pk": 14, "fields": {"password": "!Pdn2TZdtA7ASOFNKTyKnTXcVs0AVSG6A2SjfAiAT", "last_login": "2022-01-18T11:16:26.487Z", "is_superuser": false, "username": "r.samarenko", "first_name": "Роман", "last_name": "Самаренко", "email": "s-3m@yandex.ru", "is_staff": false, "is_active": true, "date_joined": "2022-01-18T11:16:25.629Z", "avatar": "", "age": 18, "city": "", "activation_key": "", "activation_key_expires": "2022-01-20T11:15:13.058Z", "groups": [], "user_permissions": []}}, {"model": "authapp.shopuser", "pk": 15, "fields": {"password": "pbkdf2_sha256$260000$YSTclnzqaOcvfT1PbFNPnR$j4eJWQgnexFqnEfC1z5PWhyx/I3K2nWErGx+v7HrQ4I=", "last_login": "2022-01-24T18:19:47.690Z", "is_superuser": false, "username": "qwerty", "first_name": "Александр", "last_name": "", "email": "a@mail.ru", "is_staff": false, "is_active": true, "date_joined": "2022-01-24T18:19:03.905Z", "avatar": "", "age": 18, "city": "казань", "activation_key": "a45798649db3ef4d7e10439ea716b06a024e72a6", "activation_key_expires": "2022-01-26T17:26:27.200Z", "groups": [], "user_permissions": []}}, {"model": "authapp.shopuserprofile", "pk": 1, "fields": {"user": 1, "tagline": "", "aboutMe": "", "gender": "", "domain": "", "faw_music": ""}}, {"model": "authapp.shopuserprofile", "pk": 2, "fields": {"user": 2, "tagline": "", "aboutMe": "", "gender": "", "domain": "", "faw_music": ""}}, {"model": "authapp.shopuserprofile", "pk": 3, "fields": {"user": 3, "tagline": "music, cinema", "aboutMe": "Nice man", "gender": "M", "domain": "", "faw_music": ""}}, {"model": "authapp.shopuserprofile", "pk": 4, "fields": {"user": 4, "tagline": "", "aboutMe": "", "gender": "M", "domain": "", "faw_music": ""}}, {"model": "authapp.shopuserprofile", "pk": 14, "fields": {"user": 14, "tagline": "", "aboutMe": "", "gender": "M", "domain": "vk.comr.samarenko", "faw_music": "LimbBizkit, LinkinPark, KoЯn, Linkin Park, GuanoApes, Linkin Park, PapaRoach, Linkin Park, Linkin Park, Linkin Park, Linkin Park, Linkin Park, Linkin Park, Linkin Park, Linkin Park, Linkin Park, Linkin Park, Linkin Park, Linkin Park, Linkin Park, Linkin Park, Linkin Park, Linkin Park, а ещё что-то из Metallica и Nirvana!!!!!!!!!!!!!!!!!!!!!!!"}}, {"model": "authapp.shopuserprofile", "pk": 15, "fields": {"user": 15, "tagline": "", "aboutMe": "", "gender": "", "domain": "", "faw_music": ""}}, {"model": "ordersapp.order", "pk": 1, "fields": {"user": 1, "created": "2022-01-24T17:17:50.006Z", "updated": "2022-01-25T17:43:55.845Z", "status": "FM", "is_active": false}}, {"model": "ordersapp.order", "pk": 2, "fields": {"user": 1, "created": "2022-01-24T17:23:54.838Z", "updated": "2022-01-24T17:28:10.785Z", "status": "FM", "is_active": false}}, {"model": "ordersapp.order", "pk": 3, "fields": {"user": 1, "created": "2022-01-24T17:26:36.454Z", "updated": "2022-01-24T17:28:04.809Z", "status": "FM", "is_active": false}}, {"model": "ordersapp.order", "pk": 4, "fields": {"user": 15, "created": "2022-01-24T18:21:16.600Z", "updated": "2022-01-24T18:21:16.616Z", "status": "FM", "is_active": true}}, {"model": "ordersapp.order", "pk": 5, "fields": {"user": 1, "created": "2022-01-25T16:26:16.451Z", "updated": "2022-01-25T16:27:57.159Z", "status": "FM", "is_active": false}}, {"model": "ordersapp.order", "pk": 6, "fields": {"user": 1, "created": "2022-01-25T16:28:45.186Z", "updated": "2022-01-25T16:38:30.824Z", "status": "FM", "is_active": false}}, {"model": "ordersapp.order", "pk": 7, "fields": {"user": 1, "created": "2022-01-25T17:06:31.282Z", "updated": "2022-01-25T17:43:51.443Z", "status": "FM", "is_active": false}}, {"model": "ordersapp.order", "pk": 8, "fields": {"user": 1, "created": "2022-01-25T17:15:45.154Z", "updated": "2022-01-25T17:16:12.509Z", "status": "STP", "is_active": true}}, {"model": "ordersapp.order", "pk": 9, "fields": {"user": 1, "created": "2022-01-25T17:26:42.862Z", "updated": "2022-01-25T17:43:46.437Z", "status": "FM", "is_active": false}}, {"model": "ordersapp.order", "pk": 10, "fields": {"user": 1, "created": "2022-01-26T12:36:36.775Z", "updated": "2022-01-26T13:01:05.355Z", "status": "FM", "is_active": false}}, {"model": "ordersapp.order", "pk": 11, "fields": {"user": 1, "created": "2022-01-26T13:02:11.047Z", "updated": "2022-01-26T13:02:32.726Z", "status": "FM", "is_active": true}}, {"model": "ordersapp.order", "pk": 12, "fields": {"user": 1, "created": "2022-01-26T13:05:16.921Z", "updated": "2022-01-27T12:35:02.722Z", "status": "FM", "is_active": true}}, {"model": "ordersapp.orderitem", "pk": 2, "fields": {"order": 1, "product": 9, "quantity": 1}}, {"model": "ordersapp.orderitem", "pk": 3, "fields": {"order": 2, "product": 5, "quantity": 2}}, {"model": "ordersapp.orderitem", "pk": 4, "fields": {"order": 2, "product": 9, "quantity": 1}}, {"model": "ordersapp.orderitem", "pk": 5, "fields": {"order": 3, "product": 5, "quantity": 2}}, {"model": "ordersapp.orderitem", "pk": 6, "fields": {"order": 3, "product": 9, "quantity": 1}}, {"model": "ordersapp.orderitem", "pk": 7, "fields": {"order": 4, "product": 5, "quantity": 1}}, {"model": "ordersapp.orderitem", "pk": 8, "fields": {"order": 4, "product": 2, "quantity": 1}}, {"model": "ordersapp.orderitem", "pk": 9, "fields": {"order": 5, "product": 5, "quantity": 2}}, {"model": "ordersapp.orderitem", "pk": 10, "fields": {"order": 6, "product": 5, "quantity": 2}}, {"model": "ordersapp.orderitem", "pk": 11, "fields": {"order": 7, "product": 5, "quantity": 4}}, {"model": "ordersapp.orderitem", "pk": 12, "fields": {"order": 8, "product": 5, "quantity": 2}}, {"model": "ordersapp.orderitem", "pk": 13, "fields": {"order": 9, "product": 5, "quantity": 3}}, {"model": "ordersapp.orderitem", "pk": 14, "fields": {"order": 10, "product": 5, "quantity": 1}}, {"model": "ordersapp.orderitem", "pk": 15, "fields": {"order": 11, "product": 5, "quantity": 2}}, {"model": "ordersapp.orderitem", "pk": 16, "fields": {"order": 12, "product": 5, "quantity": 5}}, {"model": "ordersapp.orderitem", "pk": 17, "fields": {"order": 12, "product": 3, "quantity": 4}}, {"model": "ordersapp.orderitem", "pk": 18, "fields": {"order": 12, "product": 5, "quantity": 2}}]